song_title,artist1,artist2,SO,AR,AR_code_for_a1_a2,AR_Notes,genre
Bonnie Clyde,Jay-Z,Beyonce Knowles,,,,,
Love And Affection,Nelson,,,,,,
A Little More Time On You,NSync,,,,,,
Country Grammar,Nelly,,,,,,
Died In Your Arms,Cutting Crew,,,,,,
The Time Of My Life,Bill Medley,Jennifer Warnes,,,,,
The Way That You Love Me,Paula Abdul,,,,,,
Give It Up To Me,Sean Paul,Keyshia Cole,,,,,
Crazy,Britney Spears,,,,,,
...Baby One More Time,Britney Spears,,,,,,
1 Thing,Amerie,,,,,,
1  2 Step,Ciara,Missy Elliott,,,,,
1  2  3  4,Coolio,,,,,,
1 2 2003,Gloria Estefan,Miami Sound Machine,,,,,
1234,Feist,,,,,,
18 And Life,Skid Row,,,,,,
2 Become 1,Spice Girls,,,,,,
2 Legit 2 Quit,M.C. Hammer,,,,,,
21 Questions,50 Cent,Nate Dogg,,,,,
24 7,Kevon Edmonds,,,,,,
3,Britney Spears,,,,,,
3 A.M. Eternal,The KLF,,,,,,
4 Minutes,Madonna,Justin Timberlake,,,,,
4 Seasons Of Loneliness,Boyz II Men,,,,,,
5 O'Clock,T-Pain,Wiz Khalifa,Lily Allen,,,,
6 Foot 7 Foot,Lil Wayne,Cory Gunz,,,,,
7,Prince And The New Power Generation,,,,,,
7 Days,Craig David,,,,,,
7 Things,Miley Cyrus,,,,,,
808,Blaque,,,,,,
A Bay Bay,Hurricane Chris,,,,,,
A Different Corner,George Michael,,,,,,
A Matter Of Trust,Billy Joel,,,,,,
A Milli,Lil Wayne,,,,,,
A Moment Like This,Kelly Clarkson,,,,,,
A Song For Mama,Boyz II Men,,,,,,
A Thousand Miles,Vanessa Carlton,,,,,,
A View To A Kill,Duran Duran,,,,,,
A Whole New World,Peabo Bryson,,,,,,
A Woman's Worth,Alicia Keys,,,,,,
Absolutely,Nine Days,,,,,,
Achy Breaky Heart,Billy Ray Cyrus,,,,,,
Addams Groove,M.C. Hammer,,,,,,
Addicted To Love,Robert Palmer,,,,,,
Addictive,Truth Hurts,Rakim,,,,,
Adia,Sarah McLachlan,,,,,,
After All,Cher,,,,,,
After The Rain,Nelson,,,,,,
Again,Janet Jackson,,,,,,
Again,Lenny Kravitz,,,,,,
Ain't 2 Proud 2 Beg,TLC,,,,,,
Ain't It Funny,Jennifer Lopez,Ja Rule,,,,,
Ain't No Other Man,Christina Aguilera,,,,,,
Air Force Ones,Nelly,Kyjuan,Ali,Murphy Lee,,,
Airplanes,B.o.B,Hayley Williams,,,,,
Alejandro,Lady Gaga,,,,,,
Alive And Kicking,Simple Minds,,,,,,
All 4 Love,Color Me Badd,,,,,,
All Around The World,Lisa Stansfield,,,,,,
All By Myself,Celine Dion,,,,,,
All Cried Out,Allure,112,,,,,
All Cried Out,Lisa Lisa,,,,,,
All Falls Down,Kanye West,Syleena Johnson,,,,,
All For Love,Bryan Adams,Rod Stewart,Sting,,,,
All For You,Janet Jackson,,,,,,
All I Have,Jennifer Lopez,LL Cool J,,,,,
All I Have To Give,Backstreet Boys,,,,,,
All I Need,Jack Wagner,,,,,,
All I Need Is A Miracle,Mike + The Mechanics,,,,,,
All I Wanna Do,Sheryl Crow,,,,,,
All I Wanna Do Is Make Love To You,Heart,,,,,,
All My Life,K-Ci And JoJo,,,,,,
All Night Long,Faith Evans,Puff Daddy,,,,,
All Or Nothing,Milli Vanilli,,,,,,
All Or Nothing,O-Town,,,,,,
All She Wants to Do Is Dance,Don Henley,,,,,,
All Star,Smash Mouth,,,,,,
All That She Wants,Ace Of Base,,,,,,
All The Man That I Need,Whitney Houston,,,,,,
All The Small Things,Blink-182,,,,,,
All This Time,Sting,,,,,,
All This Time,Tiffany,,,,,,
All You Wanted,Michelle Branch,,,,,,
Alone,Heart,,,,,,
Alphabet St.,Prince,,,,,,
Alright,Janet Jackson,,,,,,
Always,Atlantic Starr,,,,,,
Always,Bon Jovi,,,,,,
Always Be My Baby,Mariah Carey,,,,,,
Always On My Mind,Pet Shop Boys,,,,,,
Always On Time,Ja Rule,Ashanti,,,,,
Amanda,Boston,,,,,,
Amazed,Lonestar,,,,,,
American Boy,Estelle,Kanye West,,,,,
Angel,Aerosmith,,,,,,
Angel,Madonna,,,,,,
Angel,Sarah McLachlan,,,,,,
Angel,Shaggy,Rayvon,,,,,
Angel Eyes,The Jeff Healey Band,,,,,,
Angel Of Mine,Monica,,,,,,
Angelia,Richard Marx,,,,,,
Anniversary,Tony Toni Tone,,,,,,
Another Day In Paradise,Phil Collins,,,,,,
Another Night,Real McCoy,,,,,,
Another Sad Love Song,Toni Braxton,,,,,,
Any Time  Any Place/And On And On,Janet Jackson,,,,,,
Anything For You,Gloria Estefan,Miami Sound Machine,,,,,
Apologize,Timbaland,OneRepublic,,,,,
Applause,Lady Gaga,,,,,,
Armageddon It,Def Leppard,,,,,,
Around The Way Girl,LL Cool J,,,,,,
As I Lay Me Down,Sophie B. Hawkins,,,,,,
As Long As You Love Me,Justin Bieber,Big Sean,,,,,
At This Moment,Billy Vera And The Beaters,,,,,,
At Your Best,Aaliyah,,,,,,
Auld Lang Syne,Kenny G,,,,,,
Axel F,Harold Faltermeyer,,,,,,
Ayo Technology,50 Cent,Justin Timberlake,Timbaland,,,,
Baby,Brandy,,,,,,
Baby,Justin Bieber,Ludacris,,,,,
Baby Baby,Amy Grant,,,,,,
Baby Boy,Beyonce,Sean Paul,,,,,
Baby Don't Forget My Number,Milli Vanilli,,,,,,
Baby Got Back,Sir Mix-A-Lot,,,,,,
Baby I Love Your Way,Big Mountain,,,,,,
Baby I'm Yours,Shai,,,,,,
Baby Love,Regina,,,,,,
Baby  I Love Your Way/Freebird Medley,Will To Power,,,,,,
Baby-Baby-Baby,TLC,,,,,,
Back,Aaliyah,,,,,,
Back At One,Brian McKnight,,,,,,
Back For Good,Take That,,,,,,
Back To December,Taylor Swift,,,,,,
Back To Life,Soul II Soul,,,,,,
Bad,Michael Jackson,,,,,,
Bad Boy,Miami Sound Machine,,,,,,
Bad Boys,Inner Circle,,,,,,
Bad Day,Daniel Powter,,,,,,
Bad Medicine,Bon Jovi,,,,,,
Bad Romance,Lady Gaga,,,,,,
Bag Lady,Erykah Badu,,,,,,
Bailamos,Enrique Iglesias,,,,,,
Ballerina Girl,Lionel Richie,,,,,,
Barbie Girl,Aqua,,,,,,
Bartender,T-Pain,Akon,,,,,
Batdance,Prince,,,,,,
Battlefield,Jordin Sparks,,,,,,
Be Good To Yourself,Journey,,,,,,
Be My Lover,La Bouche,,,,,,
Be Near Me,ABC,,,,,,
Be With You,Enrique Iglesias,,,,,,
Be Without You,Mary J. Blige,,,,,,
Beautiful,Christina Aguilera,,,,,,
Beautiful,Snoop Dogg,Pharrell,Uncle Charlie Wilson,,,,
Beautiful Girls,Sean Kingston,,,,,,
Beautiful Liar,Beyonce,Shakira,,,,,
Beauty And A Beat,Justin Bieber,Nicki Minaj,,,,,
Beauty And The Beast,Celine Dion,Peabo Bryson,,,,,
Because I Love You,Stevie B,,,,,,
Because Of Love,Janet Jackson,,,,,,
Because Of You,98 Degrees,,,,,,
Because Of You,Kelly Clarkson,,,,,,
Because Of You,Ne-Yo,,,,,,
Because You Loved Me,Celine Dion,,,,,,
Bed,J. Holiday,,,,,,
Bed Of Roses,Bon Jovi,,,,,,
BedRock,Young Money,Lloyd,,,,,
Been Around The World,Puff Daddy,The Notorious B.I.G.,Mase,,,,
Before He Cheats,Carrie Underwood,,,,,,
Before I Let You Go,BLACKstreet,,,,,,
Before You Walk Out Of My Life/Like This And Like That,Monica,,,,,,
Begin Again,Taylor Swift,,,,,,
Behind These Hazel Eyes,Kelly Clarkson,,,,,,
Believe,Cher,,,,,,
Bent,matchbox twenty,,,,,,
Berzerk,Eminem,,,,,,
Best I Ever Had,Drake,,,,,,
Best Song Ever,One Direction,,,,,,
Beverly Hills,Weezer,,,,,,
Big Girls Don't Cry,Fergie,,,,,,
Big Love,Fleetwood Mac,,,,,,
Big Poppa/Warning,The Notorious B.I.G.,,,,,,
Big Things Poppin',T.I.,,,,,,
Big Time,Peter Gabriel,,,,,,
Billionaire,Travie McCoy,Bruno Mars,,,,,
Bills  Bills  Bills,Destiny's Child,,,,,,
Birthday Sex,Jeremih,,,,,,
Bitch,Meredith Brooks,,,,,,
Black And Yellow,Wiz Khalifa,,,,,,
Black Cat,Janet Jackson,,,,,,
Black Or White,Michael Jackson,,,,,,
Black Velvet,Alannah Myles,,,,,,
Blah Blah Blah,Kesha,3OH!3,,,,,
Blame It,Jamie Foxx,T-Pain,,,,,
Blame It On The Rain,Milli Vanilli,,,,,,
Blaze Of Glory,Jon Bon Jovi,,,,,,
Bleeding Love,Leona Lewis,,,,,,
Blow,Kesha,,,,,,
Blow Me,P!nk,,,,,,
Blowing Kisses In The Wind,Paula Abdul,,,,,,
Blue,Eiffel 65,,,,,,
Blurred Lines,Robin Thicke,T.I.,Pharrell,,,,
Blurry,Puddle Of Mudd,,,,,,
Body Bumpin' Yippie-Yi-Yo,Public Announcement,,,,,,
Bohemian Rhapsody,Queen,,,,,,
Boom Boom Pow,The Black Eyed Peas,,,,,,
Boombastic/In The Summertime,Shaggy,,,,,,
Bootylicious,Destiny's Child,,,,,,
Born In The USA,Bruce Springsteen,,,,,,
Born This Way,Lady Gaga,,,,,,
Born To Be My Baby,Bon Jovi,,,,,,
Bottoms Up,Trey Songz,Nicki Minaj,,,,,
Boulevard Of Broken Dreams,Green Day,,,,,,
Boyfriend,Justin Bieber,,,,,,
Break It Off,Rihanna,Sean Paul,,,,,
Break Your Heart,Taio Cruz,Ludacris,,,,,
Breakaway,Kelly Clarkson,,,,,,
Breakfast At Tiffany's,Deep Blue Something,,,,,,
Breakin My Heart,Mint Condition,,,,,,
Breaking Free,Zac Efron,Vanessa Anne Hudgens,,,,,
Breakout,Swing Out Sister,,,,,,
Breathe,Fabolous,,,,,,
Breathe,Faith Hill,,,,,,
Breathe Again,Toni Braxton,,,,,,
Brilliant Disguise,Bruce Springsteen,,,,,,
Bring Em Out,T.I.,,,,,,
Bring It All To Me,Blaque,,,,,,
Bring Me To Life,Evanescence,Paul McCoy,,,,,
Broken Wings,Mr. Mister,,,,,,
Brokenhearted,Brandy,,,,,,
Bubbly,Colbie Caillat,,,,,,
Buffalo Stance,Neneh Cherry,,,,,,
Bulletproof,La Roux,,,,,,
Bump N Grind,R. Kelly,,,,,,
Bump  Bump  Bump,B2K,P. Diddy,,,,,
Burn,Usher,,,,,,
Burnin' Up,Jonas Brothers,,,,,,
Burning Heart,Survivor,,,,,,
Bust A Move,Young MC,,,,,,
Bust It Baby,Plies,Ne-Yo,,,,,
Butterfly,Crazy Town,,,,,,
Buttons,The Pussycat Dolls,Snoop Dogg,,,,,
Buy U A Drank,T-Pain,Yung Joc,,,,,
Bye Bye Bye,'N Sync,,,,,,
C Mon And Get My Love,D-Mob,Cathy Dennis,,,,,
C'est La Vie,B*Witched,,,,,,
C'est La Vie,Robbie Nevil,,,,,,
C'mon N' Ride It,Quad City DJ's,,,,,,
California Girls,David Lee Roth,,,,,,
California Gurls,Katy Perry,Snoop Dogg,,,,,
Call Me Maybe,Carly Rae Jepsen,,,,,,
Call Me When You're Sober,Evanescence,,,,,,
Can We Talk,Tevin Campbell,,,,,,
Can You Feel The Love Tonight,Elton John,,,,,,
Can't Be Tamed,Miley Cyrus,,,,,,
Can't Believe It,T-Pain,Lil Wayne,,,,,
Can't Fight This Feeling,REO Speedwagon,,,,,,
Can't Get You Out Of My Head,Kylie Minogue,,,,,,
Can't Help Falling In Love,UB40,,,,,,
Can't Hold Us,Macklemore,Ryan Lewis,Ray Dalton,,,,
Can't Let Go,Mariah Carey,,,,,,
Can't Let You Go,Fabolous,Mike Shorey,Lil Mo,,,,
Can't Nobody Hold Me Down,Puff Daddy,Mase,,,,,
Can't Stay Away From You,Gloria Estefan,Miami Sound Machine,,,,,
Can't Stop,After 7,,,,,,
Can't Stop This Thing We Started,Bryan Adams,,,,,,
Can't We Try,Dan Hill,Vonda Shepard,,,,,
Candle In The Wind,Elton John,,,,,,
Candle In The Wind 1997/Something About The Way You Look Tonight,Elton John,,,,,,
Candy Rain,Soul For Real,,,,,,
Candy Shop,50 Cent,Olivia,,,,,
Cantaloop,US 3,,,,,,
Careless Whisper,Wham!,,,,,,
Carnival,Natalie Merchant,,,,,,
Carrie,Europe,,,,,,
Casanova,Levert,,,,,,
Case Of The Ex,Mya,,,,,,
Cat's In The Cradle,Ugly Kid Joe,,,,,,
Catch Me,Pretty Poison,,,,,,
Caught Up,Usher,,,,,,
Causing A Commotion,Madonna,,,,,,
Chain Hang Low,Jibbs,,,,,,
Change,Taylor Swift,,,,,,
Change Clothes,Jay-Z,,,,,,
Change Of Heart,Cyndi Lauper,,,,,,
Change The World,Eric Clapton,,,,,,
Chante's Got A Man,Chante Moore,,,,,,
Chasing Cars,Snow Patrol,,,,,,
Check On It,Beyonce,Slim Thug,,,,,
Cheers,Rihanna,,,,,,
Cherish,Kool And The Gang,,,,,,
Cherish,Madonna,,,,,,
Cherry Bomb,John Mellencamp,,,,,,
Cherry Pie,Warrant,,,,,,
Circle In The Sand,Belinda Carlisle,,,,,,
Circus,Britney Spears,,,,,,
Clarity,Zedd,Foxes,,,,,
Cleanin' Out My Closet,Eminem,,,,,,
Close My Eyes Forever,Lita Ford,Ozzy Osbourne,,,,,
Close To You,Maxi Priest,,,,,,
Closer,Ne-Yo,,,,,,
Club Can't Handle Me,Flo Rida,David Guetta,,,,,
Clumsy,Fergie,,,,,,
Cold Hearted,Paula Abdul,,,,,,
Colors Of The Wind,Vanessa Williams,,,,,,
Come  Get It,Selena Gomez,,,,,,
Come Back To Me,Janet Jackson,,,,,,
Come Go With Me,Expose,,,,,,
Come On Over Baby,Christina Aguilera,,,,,,
Come To Me,Diddy,Nicole Scherzinger,,,,,
Come Undone,Duran Duran,,,,,,
Come With Me,Puff Daddy,Jimmy Page,,,,,
Comforter,Shai,,,,,,
Coming Out Of The Dark,Gloria Estefan,,,,,,
Complicated,Avril Lavigne,,,,,,
Confessions Part II,Usher,,,,,,
Conga,Miami Sound Machine,,,,,,
Control,Janet Jackson,,,,,,
Control Myself,LL Cool J,Jennifer Lopez,,,,,
Cool It Now,New Edition,,,,,,
Cooler Than Me,Mike Posner,,,,,,
Could've Been,Tiffany,,,,,,
Count On Me,Whitney Houston,CeCe Winans,,,,,
Counting Stars,OneRepublic,,,,,,
Cover Girl,New Kids On The Block,,,,,,
Crack A Bottle,Eminem,Dr. Dre,50 Cent,,,,
Cradle Of Love,Billy Idol,,,,,,
Crank That,Soulja Boy,,,,,,
Crazy,Gnarls Barkley,,,,,,
Crazy,Seal,,,,,,
Crazy For You,Madonna,,,,,,
Crazy In Love,Beyonce,Jay-Z,,,,,
Cream,Prince And The New Power Generation,,,,,,
Creep,TLC,,,,,,
Cross My Broken Heart,The Jets,,,,,,
Cruel Summer,Ace Of Base,,,,,,
Cruise,Florida Georgia Line,Nelly,,,,,
Crush,David Archuleta,,,,,,
Crush,Jennifer Paige,,,,,,
Crush On You,The Jets,,,,,,
Cry,Waterfront,,,,,,
Cry For Help,Rick Astley,,,,,,
Cry Me A River,Justin Timberlake,,,,,,
Cupid's Chokehold,Gym Class Heroes,Patrick Stump,,,,,
Cups,Anna Kendrick,,,,,,
Cyclone,Baby Bash,T-Pain,,,,,
DJ Got Us Fallin' In Love,Usher,Pitbull,,,,,
Damaged,Danity Kane,,,,,,
Damn I Wish I Was Your Lover,Sophie B. Hawkins,,,,,,
Damn!,YoungBloodZ,Lil Jon,,,,,
Dance,Big Sean,Nicki Minaj,,,,,
Dance With Me,Debelah Morgan,,,,,,
Dance  Dance,Fall Out Boy,,,,,,
Dancing In The Street,Mick Jagger,,,,,,
Dancing On The Ceiling,Lionel Richie,,,,,,
Danger Zone,Kenny Loggins,,,,,,
Dangerous,Busta Rhymes,,,,,,
Dangerous,Kardinal Offishall,Akon,,,,,
Dangerous,Roxette,,,,,,
Dani California,Red Hot Chili Peppers,,,,,,
Day 'N' Nite,Kid Cudi,,,,,,
Daydreamin',Tatyana Ali,,,,,,
Daylight,Maroon 5,,,,,,
Dead And Gone,T.I.,Justin Timberlake,,,,,
Dear Mama/Old School,2Pac,,,,,,
Deeper And Deeper,Madonna,,,,,,
Deja Vu,Beyonce,Jay-Z,,,,,
Deja Vu [Uptown Baby],Lord Tariq,Peter Gunz,,,,,
Demons,Imagine Dragons,,,,,,
Desire,U2,,,,,,
Devil Inside,INXS,,,,,,
Diamonds,Herb Alpert,Janet Jackson,,,,,
Diamonds,Rihanna,,,,,,
Diamonds And Pearls,Prince And The New Power Generation,,,,,,
Diary,Alicia Keys,Tony! Toni! Tone!,,,,,
Didn't I,New Kids On The Block,,,,,,
Didn't We Almost Have It All,Whitney Houston,,,,,,
Die Another Day,Madonna,,,,,,
Die Young,Kesha,,,,,,
Differences,Ginuwine,,,,,,
Diggin' On You,TLC,,,,,,
Dilemma,Nelly,Kelly Rowland,,,,,
Dip It Low,Christina Milian,,,,,,
Dirt Off Your Shoulder,Jay-Z,,,,,,
Dirt Road Anthem,Jason Aldean,Ludacris,,,,,
Dirty Diana,Michael Jackson,,,,,,
Dirty Little Secret,The All-American Rejects,,,,,,
Disappear,INXS,,,,,,
Disco Inferno,50 Cent,,,,,,
Discotheque,U2,,,,,,
Disturbia,Rihanna,,,,,,
Ditty,Paperboy,,,,,,
Do Anything,Natural Selection,,,,,,
Do I Make You Proud,Taylor Hicks,,,,,,
Do Me!,Bell Biv Devoe,,,,,,
Do You Know,Robyn,,,,,,
Do You Remember,Jay Sean,Sean Paul,Lil Jon,,,,
Do You Remember?,Phil Collins,,,,,,
Doesn't Really Matter,Janet Jackson,,,,,,
Doin It,LL Cool J,,,,,,
Doing It All For My Baby,Huey Lewis And The News,,,,,,
Domino,Jessie J,,,,,,
Don't Be Cruel,Bobby Brown,,,,,,
Don't Be Cruel,Cheap Trick,,,,,,
Don't Cha,The Pussycat Dolls,Busta Rhymes,,,,,
Don't Cry,Guns N Roses,,,,,,
Don't Cry For Me Argentina,Madonna,,,,,,
Don't Disturb This Groove,The System,,,,,,
Don't Dream It's Over,Crowded House,,,,,,
Don't Forget About Us,Mariah Carey,,,,,,
Don't Forget Me,Glass Tiger,,,,,,
Don't Get Me Wrong,Pretenders,,,,,,
Don't Know Much,Linda Ronstadt,Aaron Neville,,,,,
Don't Let Go,En Vogue,,,,,,
Don't Let Me Get Me,P!nk,,,,,,
Don't Let The Sun Go Down On Me,George Michael,Elton John,,,,,
Don't Lose My Number,Phil Collins,,,,,,
Don't Matter,Akon,,,,,,
Don't Mean Nothing,Richard Marx,,,,,,
Don't Mess With My Man,Nivea,Brian,Brandon Casey,,,,
Don't Phunk With My Heart,The Black Eyed Peas,,,,,,
Don't Rush Me,Taylor Dayne,,,,,,
Don't Shed A Tear,Paul Carrack,,,,,,
Don't Stop Believin',Glee Cast,,,,,,
Don't Stop The Music,Rihanna,,,,,,
Don't Take It Personal,Monica,,,,,,
Don't Tell Me,Madonna,,,,,,
Don't Tell Me Lies,Breathe,,,,,,
Don't Trust Me,3OH!3,,,,,,
Don't Turn Around,Ace Of Base,,,,,,
Don't Wake Me Up,Chris Brown,,,,,,
Don't Walk Away,Jade,,,,,,
Don't Wanna Fall In Love,Jane Child,,,,,,
Don't Wanna Lose You,Gloria Estefan,,,,,,
Don't Want To Be A Fool,Luther Vandross,,,,,,
Don't Worry  Be Happy,Bobby McFerrin,,,,,,
Don't You,Simple Minds,,,,,,
Don't You Know What The Night Can Do?,Steve Winwood,,,,,,
Don't You Want Me,Jody Watley,,,,,,
Don't You Worry Child,Swedish House Mafia,John Martin,,,,,
Doo Wop,Lauryn Hill,,,,,,
Dope,Lady Gaga,,,,,,
Down,Jay Sean,Lil Wayne,,,,,
Down 4 U,Irv Gotti,The Inc.,Ja Rule,Ashanti,,,
Down Low,R. Kelly,Ronald Isley,,,,,
Down On Me,Jeremih,50 Cent,,,,,
Downtown Train,Rod Stewart,,,,,,
Dr. Feelgood,Motley Crue,,,,,,
Dre Day,Dr. Dre,,,,,,
Dreamin,Vanessa Williams,,,,,,
Dreamlover,Mariah Carey,,,,,,
Dreamtime,Daryl Hall,,,,,,
Dress You Up,Madonna,,,,,,
Drift Away,Uncle Kracker,Dobie Gray,,,,,
Drive,Incubus,,,,,,
Drive By,Train,,,,,,
Drop It Like It's Hot,Snoop Dogg,Pharrell,,,,,
Drops Of Jupiter,Train,,,,,,
Dynamite,Taio Cruz,,,,,,
E.T.,Katy Perry,Kanye West,,,,,
Easy Lover,Philip Bailey,Phil Collins,,,,,
Election Day,Arcadia,,,,,,
Electric Blue,Icehouse,,,,,,
Emotion,Destiny's Child,,,,,,
Emotions,Mariah Carey,,,,,,
Empire State Of Mind,Jay-Z,Alicia Keys,,,,,
End Of The Road,Boyz II Men,,,,,,
Endless Love,Luther Vandross,,,,,,
Endless Summer Nights,Richard Marx,,,,,,
Enjoy The Silence,Depeche Mode,,,,,,
Epic,Faith No More,,,,,,
Erotica,Madonna,,,,,,
Escapade,Janet Jackson,,,,,,
Eternal Flame,Bangles,,,,,,
Every Girl,Young Money,,,,,,
Every Heartbeat,Amy Grant,,,,,,
Every Little Step,Bobby Brown,,,,,,
Every Morning,Sugar Ray,,,,,,
Every Rose Has Its Thorn,Poison,,,,,,
Every Time I Close My Eyes,Babyface,,,,,,
Everybody Everybody,Black Box,,,,,,
Everybody Have Fun Tonight,Wang Chung,,,,,,
Everybody Plays The Fool,Aaron Neville,,,,,,
Everybody Talks,Neon Trees,,,,,,
Everybody Wants To Rule The World,Tears For Fears,,,,,,
Everybody [Backstreet's Back],Backstreet Boys,,,,,,
Everything,Jody Watley,,,,,,
Everything About You,Ugly Kid Joe,,,,,,
Everything She Wants,Wham!,,,,,,
Everything You Want,Vertical Horizon,,,,,,
Everything Your Heart Desires,Hall And Oates,,,,,,
Everytime We Touch,Cascada,,,,,,
Everytime You Go Away,Paul Young,,,,,,
Excuse Me Miss,Jay-Z,,,,,,
Exhale,Whitney Houston,,,,,,
Express Yourself,Madonna,,,,,,
Faded Pictures,Case,,,,,,
Fading Like A Flower,Roxette,,,,,,
Faith,George Michael,,,,,,
Fallin',Alicia Keys,,,,,,
Family Affair,Mary J. Blige,,,,,,
Fantastic Voyage,Coolio,,,,,,
Fantasy,Mariah Carey,,,,,,
Far Away,Nickelback,,,,,,
Fast Car,Tracy Chapman,,,,,,
Fastlove,George Michael,,,,,,
Father Figure,George Michael,,,,,,
Fearless,Taylor Swift,,,,,,
Feel So Good,Mase,,,,,,
Feel This Moment,Pitbull,Christina Aguilera,,,,,
Feels Good,Tony Toni Tone,,,,,,
Fergalicious,Fergie,,,,,,
Fiesta,R. Kelly,Jay-Z,,,,,
Finally,CeCe Peniston,,,,,,
Find Your Love,Drake,,,,,,
Fire Burning,Sean Kingston,,,,,,
Fireflies,Owl City,,,,,,
Firework,Katy Perry,,,,,,
Flava In Ya Ear,Craig Mack,,,,,,
Fly Like An Eagle,Seal,,,,,,
Flying Without Wings,Ruben Studdard,,,,,,
Follow Me,Uncle Kracker,,,,,,
Follow You Down/Til I Hear It From You,Gin Blossoms,,,,,,
Foolish,Ashanti,,,,,,
Foolish Beat,Debbie Gibson,,,,,,
Foolish Games/You Were Meant For Me,Jewel,,,,,,
For You I Will,Monica,,,,,,
Forever,Chris Brown,,,,,,
Forever,Drake,Kanye West,Lil Wayne,Eminem,,,
Forever,Kiss,,,,,,
Forever Your Girl,Paula Abdul,,,,,,
Fortress Around Your Heart,Sting,,,,,,
Fortunate,Maxwell,,,,,,
Freak Like Me,Adina Howard,,,,,,
Freak Me,Silk,,,,,,
Free As A Bird,The Beatles,,,,,,
Free Fallin,Tom Petty,,,,,,
Free Your Mind,En Vogue,,,,,,
Freedom,George Michael,,,,,,
Freedom,Wham!,,,,,,
Freek-A-Leek,Petey Pablo,,,,,,
Freeway Of Love,Aretha Franklin,,,,,,
Fresh,Kool And The Gang,,,,,,
Friends,Jody Watley,Eric B.,,,,,
Friends And Lovers,Carl Anderson,,,,,,
From A Distance,Bette Midler,,,,,,
From This Moment On,Shania Twain,,,,,,
Frontin',Pharrell,Jay-Z,,,,,
Frozen,Madonna,,,,,,
Fuck You,Cee Lo Green,,,,,,
Fuckin Problems,AsAP Rocky,Drake,2 Chainz,Kendrick Lamar,,,
Fuckin' Perfect,P!nk,,,,,,
Funkdafied,Da Brat,,,,,,
Funky Cold Medina,Tone-Loc,,,,,,
Funkytown,Pseudo Echo,,,,,,
G.H.E.T.T.O.U.T.,Changing Faces,,,,,,
Gangnam Style,PSY,,,,,,
Gangsta Lean,DRS,,,,,,
Gangsta Lovin',Eve,Alicia Keys,,,,,
Gangsta's Paradise,Coolio,L.V.,,,,,
Genie In A Bottle,Christina Aguilera,,,,,,
Gentleman,PSY,,,,,,
Get Busy,Sean Paul,,,,,,
Get Here,Oleta Adams,,,,,,
Get It On,The Power Station,,,,,,
Get It On Tonite,Montell Jordan,,,,,,
Get It Poppin',Fat Joe,Nelly,,,,,
Get It Together,702,,,,,,
Get Low,Lil Jon,The East Side Boyz,Ying Yang Twins,,,,
Get Lucky,Daft Punk,Pharrell Williams,,,,,
Get Outta My Dreams  Get Into My Car,Billy Ocean,,,,,,
Get Over Yourself,Eden's Crush,,,,,,
Get The Party Started,P!nk,,,,,,
Get Up,Ciara,Chamillionaire,,,,,
Get Up!,Technotronic,,,,,,
Get Ur Freak On,Missy Elliot,,,,,,
Gettin' Jiggy Wit It,Will Smith,,,,,,
Getto Jam,Domino,,,,,,
Gimme More,Britney Spears,,,,,,
Gimme The Light,Sean Paul,,,,,,
Gin And Juice,Snoop Dogg,,,,,,
Girl I'm Gonna Miss You,Milli Vanilli,,,,,,
Girl On TV,LFO,,,,,,
Girl You Know It's True,Milli Vanilli,,,,,,
Girlfriend,'N Sync,Nelly,,,,,
Girlfriend,Avril Lavigne,,,,,,
Girlfriend,Pebbles,,,,,,
Girls Nite Out,Tyler Collins,,,,,,
Give It To Me,Timbaland,Nelly Furtado,Justin Timberlake,,,,
Give It To You,Jordan Knight,,,,,,
Give Me All Your Luvin',Madonna,Nicki Minaj,M.I.A.,,,,
Give Me Everything,Pitbull,Ne-Yo,Afrojack,Nayer,,,
Give Me Just One Night,98 Degrees,,,,,,
Give Me One Reason,Tracy Chapman,,,,,,
Gives You Hell,The All-American Rejects,,,,,,
Giving Him Something He Can Feel,En Vogue,,,,,,
Giving You The Benefit,Pebbles,,,,,,
Giving You The Best That I Got,Anita Baker,,,,,,
Glad You Came,The Wanted,,,,,,
Glamorous,Fergie,Ludacris,,,,,
Glory Days,Bruce Springsteen,,,,,,
Glory Of Love,Peter Cetera,,,,,,
Go Home,Stevie Wonder,,,,,,
God Bless The U.S.A.,American Idol Finalists,,,,,,
Gold Digger,Kanye West,Jamie Foxx,,,,,
Gone Till November,Wyclef Jean,,,,,,
Gonna Make You Sweat,C+C Music Factory,,,,,,
Good Enough,Bobby Brown,,,,,,
Good Feeling,Flo Rida,,,,,,
Good For Me,Amy Grant,,,,,,
Good Girls Go Bad,Cobra Starship,Leighton Meester,,,,,
Good Life,Kanye West,T-Pain,,,,,
Good Life,OneRepublic,,,,,,
Good Thing,Fine Young Cannibals,,,,,,
Good Time,Owl City,Carly Rae Jepsen,,,,,
Good Vibrations,Marky Mark,,,,,,
Goodies,Ciara,Petey Pablo,,,,,
Gossip Folks,Missy Elliot,Ludacris,,,,,
Got Money,Lil Wayne,T-Pain,,,,,
Got My Mind Set On You,George Harrison,,,,,,
Gotham City,R. Kelly,,,,,,
Gotta Be Somebody,Nickelback,,,,,,
Gotta Get Thru This,Daniel Bedingfield,,,,,,
Gotta Tell You,Samantha Mumba,,,,,,
Greatest Love Of All,Whitney Houston,,,,,,
Grenade,Bruno Mars,,,,,,
Grillz,Nelly,Paul Wall,Ali,Gipp,,,
Grind With Me,Pretty Ricky,,,,,,
Groove Is In The Heart,Deee-Lite,,,,,,
Groovy Kind Of Love,Phil Collins,,,,,,
Gypsy Woman,Crystal Waters,,,,,,
Halo,Beyonce,,,,,,
Hands,Jewel,,,,,,
Hands To Heaven,Breathe,,,,,,
Hangin Tough,New Kids On The Block,,,,,,
Hanging By A Moment,Lifehouse,,,,,,
Hanky Panky,Madonna,,,,,,
Happy,Ashanti,,,,,,
Hard,Rihanna,Jeezy,,,,,
Hard To Say I'm Sorry,Az Yet,Peter Cetera,,,,,
Harlem Shake,Baauer,,,,,,
Harlem Shuffle,The Rolling Stones,,,,,,
Hate It Or Love It,The Game,50 Cent,,,,,
Hate That I Love You,Rihanna,Ne-Yo,,,,,
Have I Told You Lately,Rod Stewart,,,,,,
Have You Ever Really Loved A Woman?,Bryan Adams,,,,,,
Have You Ever?,Brandy,,,,,,
Have You Seen Her,M.C. Hammer,,,,,,
Hazard,Richard Marx,,,,,,
Hazy Shade Of Winter,Bangles,,,,,,
He Could Be The One,Hannah Montana,,,,,,
He Loves U Not,Dream,,,,,,
He Wasn't Man Enough,Toni Braxton,,,,,,
He's Mine,MoKenStef,,,,,,
Head Over Heels,Tears For Fears,,,,,,
Head To Toe,Lisa Lisa,,,,,,
Heart And Soul,T'Pau,,,,,,
Heart Attack,Demi Lovato,,,,,,
Heartbeat,Don Johnson,,,,,,
Heartbreak Hotel,Whitney Houston,Faith Evans,,,,,
Heartbreaker,Mariah Carey,Jay-Z,,,,,
Heartless,Kanye West,,,,,,
Heat Of The Night,Bryan Adams,,,,,,
Heaven,Bryan Adams,,,,,,
Heaven,DJ Sammy,Yanou,Do,,,,
Heaven,Warrant,,,,,,
Heaven Help Me,Deon Estus,,,,,,
Heaven Is A Place On Earth,Belinda Carlisle,,,,,,
Here And Now,Luther Vandross,,,,,,
Here Comes The Hotstepper,Ini Kamoze,,,,,,
Here I Am,UB40,,,,,,
Here I Go Again,Whitesnake,,,,,,
Here We Are,Gloria Estefan,,,,,,
Here We Go,C,F. Williams,,,,,
Here Without You,3 Doors Down,,,,,,
Hero,Chad Kroeger,Josey Scott,,,,,
Hero,Enrique Iglesias,,,,,,
Hero,Mariah Carey,,,,,,
Hey Baby,No Doubt,Bounty Killer,,,,,
Hey Baby,Pitbull,T-Pain,,,,,
Hey Lover,LL Cool J,,,,,,
Hey Ma,Cam'ron,Juelz Santana,Freekey Zekey,Toya,,,
Hey Mr. D.J.,Zhane,,,,,,
Hey There Delilah,Plain White T's,,,,,,
Hey Ya!,OutKast,,,,,,
Hey  Soul Sister,Train,,,,,,
High Enough,Damn Yankees,,,,,,
High On You,Survivor,,,,,,
Higher,Creed,,,,,,
Higher Love,Steve Winwood,,,,,,
Hip Hop Hooray,Naughty By Nature,,,,,,
Hip To Be Square,Huey Lewis And The News,,,,,,
Hips Don't Lie,Shakira,Wyclef Jean,,,,,
Hit 'Em Up Style,Blu Cantrell,,,,,,
Hit Me Off,New Edition,,,,,,
Ho Hey,The Lumineers,,,,,,
Hold It Against Me,Britney Spears,,,,,,
Hold My Hand,Hootie And The Blowfish,,,,,,
Hold On,En Vogue,,,,,,
Hold On,Wilson Phillips,,,,,,
Hold On To The Nights,Richard Marx,,,,,,
Hold On  We're Going Home,Drake,Majid Jordan,,,,,
Hold You Tight,Tara Kemp,,,,,,
Holding Back The Years,Simply Red,,,,,,
Hole Hearted,Extreme,,,,,,
Holidae In,Chingy,Ludacris,Snoop Dogg,,,,
Hollaback Girl,Gwen Stefani,,,,,,
Holy Grail,Jay-Z,Justin Timberlake,,,,,
Home,Daughtry,,,,,,
Home,Phillip Phillips,,,,,,
Honey,Mariah Carey,,,,,,
Hot Boyz,Missy Elliot,NAS,EVE,,,,
Hot In Herre,Nelly,,,,,,
Hot N Cold,Katy Perry,,,,,,
Hotel,Cassidy,R. Kelly,,,,,
Hotel Room Service,Pitbull,,,,,,
How Am I Supposed To Live Without You,Michael Bolton,,,,,,
How Can I Fall?,Breathe,,,,,,
How Can We Be Lovers,Michael Bolton,,,,,,
How Deep Is Your Love,Dru Hill,Redman,,,,,
How Do I Live,LeAnn Rimes,,,,,,
How Do U Want It/California Love,2Pac,KC,JoJo,,,,
How Do You Talk To An Angel,The Heights,,,,,,
How Low,Ludacris,,,,,,
How To Love,Lil Wayne,,,,,,
How To Save A Life,The Fray,,,,,,
How We Do,The Game,50 Cent,,,,,
How Will I Know,Whitney Houston,,,,,,
How You Gonna Act Like That,Tyrese,,,,,,
How You Remind Me,Nickelback,,,,,,
How's It Going To Be,Third Eye Blind,,,,,,
Human,The Human League,,,,,,
Humpin Around,Bobby Brown,,,,,,
Hung Up,Madonna,,,,,,
Hungry Eyes,Eric Carmen,,,,,,
Hypnotize,The Notorious B.I.G.,,,,,,
Hysteria,Def Leppard,,,,,,
I Adore Mi Amor,Color Me Badd,,,,,,
I Believe,Blessid Union Of Souls,,,,,,
I Believe,Fantasia,,,,,,
I Believe I Can Fly,R. Kelly,,,,,,
I Believe In You And Me,Whitney Houston,,,,,,
I Belong To You,Rome,,,,,,
I Can Love You Like That,All-4-One,,,,,,
I Can't Dance,Genesis,,,,,,
I Can't Sleep Baby,R. Kelly,,,,,,
I Can't Wait,Nu Shooz,,,,,,
I Can't Wait Another Minute,Hi-Five,,,,,,
I Could Never Take The Place Of Your Man,Prince,,,,,,
I Cry,Flo Rida,,,,,,
I Didn't Mean To Turn You On,Robert Palmer,,,,,,
I Don't Ever Want To See You Again,Uncle Sam,,,,,,
I Don't Have The Heart,James Ingram,,,,,,
I Don't Wanna Cry,Mariah Carey,,,,,,
I Don't Wanna Fight,Tina Turner,,,,,,
I Don't Wanna Go On With You Like That,Elton John,,,,,,
I Don't Wanna Know,Mario Winans,Enya,P. Diddy,,,,
I Don't Wanna Live Without Your Love,Chicago,,,,,,
I Don't Want To Be,Gavin DeGraw,,,,,,
I Don't Want To Live Without You,Foreigner,,,,,,
I Don't Want To Miss A Thing,Aerosmith,,,,,,
I Don't Want Your Love,Duran Duran,,,,,,
I Drove All Night,Cyndi Lauper,,,,,,
I Finally Found Someone,Barbra Streisand,Bryan Adams,,,,,
I Found Someone,Cher,,,,,,
I Get Lonely,Janet Jackson,BLACKstreet,,,,,
I Get Weak,Belinda Carlisle,,,,,,
I Go To Extremes,Billy Joel,,,,,,
I Got 5 On It,Luniz,,,,,,
I Got Id/Long Road,Pearl Jam,,,,,,
I Gotta Feeling,The Black Eyed Peas,,,,,,
I Hate Myself For Loving You,Joan Jett And The Blackhearts,,,,,,
I Have Nothing,Whitney Houston,,,,,,
I Heard A Rumour,Bananarama,,,,,,
I Just Can't Stop Loving You,Michael Jackson,Siedah Garrett,,,,,
I Kissed A Girl,Katy Perry,,,,,,
I Knew I Loved You,Savage Garden,,,,,,
I Knew You Were Trouble.,Taylor Swift,,,,,,
I Knew You Were Waiting,Aretha Franklin,,,,,,
I Know,Dionne Farris,,,,,,
I Know What I Like,Huey Lewis And The News,,,,,,
I Know What You Want,Busta Rhymes,Mariah Carey,The Flipmode Squad,,,,
I Know You Want Me,Pitbull,,,,,,
I Like It,Dino,,,,,,
I Like It,Enrique Iglesias,Pitbull,,,,,
I Like The Way,Hi-Five,,,,,,
I Love It,Icona Pop,Charli XCX,,,,,
I Love You Always Forever,Donna Lewis,,,,,,
I Love Your Smile,Shanice,,,,,,
I Miss You,Klymaxx,,,,,,
I Need A Doctor,Dr. Dre,Eminem,Skylar Grey,,,,
I Need A Girl,P. Diddy,Usher,Loon,,,,
I Need A Girl,P. Diddy,Ginuwine,Loon,Mario Winans,,,
I Need To Know,Marc Anthony,,,,,,
I Remember Holding You,Boys Club,,,,,,
I Remember You,Skid Row,,,,,,
I Saw Him Standing There,Tiffany,,,,,,
I Saw Red,Warrant,,,,,,
I Still Believe,Mariah Carey,,,,,,
I Still Haven't Found What I'm Looking For,U2,,,,,,
I Swear,All-4-One,,,,,,
I Think We're Alone Now,Tiffany,,,,,,
I Told You So,Carrie Underwood,Randy Travis,,,,,
I Touch Myself,Divinyls,,,,,,
I Tried,Bone Thugs-N-Harmony,Akon,,,,,
I Try,Macy Gray,,,,,,
I Turn To You,Christina Aguilera,,,,,,
I Wanna Be Down,Brandy,,,,,,
I Wanna Be Rich,Calloway,,,,,,
I Wanna Dance With Somebody,Whitney Houston,,,,,,
I Wanna Go,Britney Spears,,,,,,
I Wanna Have Some Fun,Samantha Fox,,,,,,
I Wanna Know,Joe,,,,,,
I Wanna Love You,Akon,Snoop Dogg,,,,,
I Wanna Love You Forever,Jessica Simpson,,,,,,
I Wanna Sex You Up,Color Me Badd,,,,,,
I Want Her,Keith Sweat,,,,,,
I Want It That Way,Backstreet Boys,,,,,,
I Want To Be Your Man,Roger,,,,,,
I Want To Know What Love Is,Foreigner,,,,,,
I Want You,Savage Garden,,,,,,
I Want Your Sex,George Michael,,,,,,
I Will Always Love You,Whitney Houston,,,,,,
I Will Come To You,Hanson,,,,,,
I Wish It Would Rain Down,Phil Collins,,,,,,
I Won't Give Up,Jason Mraz,,,,,,
I Wonder Why,Curtis Stigers,,,,,,
I Would Die 4 U,Prince And The Revolution,,,,,,
I Write Sins Not Tragedies,Panic! At The Disco,,,,,,
I'd Die Without You,P.M. Dawn,,,,,,
I'd Do Anything For Love,Meat Loaf,,,,,,
I'll Always Love You,Taylor Dayne,,,,,,
I'll Be,Edwin McCain,,,,,,
I'll Be,Foxy Brown,Jay-Z,,,,,
I'll Be Loving You,New Kids On The Block,,,,,,
I'll Be Missing You,Puff Daddy,Faith Evans,112,,,,
I'll Be There,Mariah Carey,,,,,,
I'll Be There,The Escape Club,,,,,,
I'll Be There For You,Bon Jovi,,,,,,
I'll Be There For You/You're All I Need To Get By,Method Man,Mary J. Blige,,,,,
I'll Be Your Everything,Tommy Page,,,,,,
I'll Be Your Shelter,Taylor Dayne,,,,,,
I'll Give All My Love To You,Keith Sweat,,,,,,
I'll Make Love To You,Boyz II Men,,,,,,
I'll Never Get Over You,Expose,,,,,,
I'll Remember,Madonna,,,,,,
I'll Stand By You,Carrie Underwood,,,,,,
I'm Every Woman,Whitney Houston,,,,,,
I'm Goin Down,Bruce Springsteen,,,,,,
I'm Gonna Be,The Proclaimers,,,,,,
I'm Gonna Be Alright,Jennifer Lopez,NAS,,,,,
I'm Like A Bird,Nelly Furtado,,,,,,
I'm N Luv,T-Pain,Mike Jones,,,,,
I'm Not In Love,Will To Power,,,,,,
I'm On Fire,Bruce Springsteen,,,,,,
I'm On One,DJ Khaled,Drake,Rick Ross,Lil Wayne,,,
I'm Ready,Tevin Campbell,,,,,,
I'm Real,Jennifer Lopez,Ja Rule,,,,,
I'm So Into You,SWV,,,,,,
I'm Sprung,T-Pain,,,,,,
I'm Still In Love With You,New Edition,,,,,,
I'm The Only One,Melissa Etheridge,,,,,,
I'm Too Sexy,Right Said Fred,,,,,,
I'm With You,Avril Lavigne,,,,,,
I'm Your Angel,R. Kelly,,,,,,
I'm Your Baby Tonight,Whitney Houston,,,,,,
I'm Your Man,Wham!,,,,,,
I'm Yours,Jason Mraz,,,,,,
I've Been In Love Before,Cutting Crew,,,,,,
I've Been Thinking About You,Londonbeat,,,,,,
Ice Ice Baby,Vanilla Ice,,,,,,
Iesha,Another Bad Creation,,,,,,
If,Janet Jackson,,,,,,
If I Ain't Got You,Alicia Keys,,,,,,
If I Could Turn Back Time,Cher,,,,,,
If I Ever Fall In Love,Shai,,,,,,
If I Had No Loot,Tony Toni Tone,,,,,,
If I Were A Boy,Beyonce,,,,,,
If It Isn't Love,New Edition,,,,,,
If It Makes You Happy,Sheryl Crow,,,,,,
If This Was A Movie,Taylor Swift,,,,,,
If Wishes Came True,Sweet Sensation,,,,,,
If You Asked Me To,Celine Dion,,,,,,
If You Don't Know Me By Now,Simply Red,,,,,,
If You Go,Jon Secada,,,,,,
If You Had My Love,Jennifer Lopez,,,,,,
If You Leave,Orchestral Manoeuvres In The Dark,,,,,,
If You Love Me,Brownstone,,,,,,
If You Love Somebody Set Them Free,Sting,,,,,,
If You're Gone,matchbox twenty,,,,,,
Ignition,R. Kelly,,,,,,
Imma Be,The Black Eyed Peas,,,,,,
Impulsive,Wilson Phillips,,,,,,
In Da Club,50 Cent,,,,,,
In My Bed,Dru Hill,,,,,,
In My Head,Jason Derulo,,,,,,
In My House,Mary Jane Girls,,,,,,
In The Ayer,Flo Rida,will.i.am,,,,,
In The Closet,Michael Jackson,,,,,,
In The End,Linkin Park,,,,,,
In The Still Of The Nite,Boyz II Men,,,,,,
In Those Jeans,Ginuwine,,,,,,
In Too Deep,Genesis,,,,,,
In Your Room,Bangles,,,,,,
Incomplete,Sisqo,,,,,,
Independent,Webbie,Lil Phat,Lil Boosie,,,,
Independent Women Part I,Destiny's Child,,,,,,
Informer,Snow,,,,,,
Inside Your Heaven,Bo Bice,,,,,,
Inside Your Heaven,Carrie Underwood,,,,,,
Into You,Fabolous,Tamia,Ashanti,,,,
Invincible,Pat Benatar,,,,,,
Invisible Touch,Genesis,,,,,,
Iris,Goo Goo Dolls,,,,,,
Ironic,Alanis Morissette,,,,,,
Irreplaceable,Beyonce,,,,,,
Is It Love,Mr. Mister,,,,,,
Is This Love,Survivor,,,,,,
Is This Love,Whitesnake,,,,,,
It Ain't Over Til It's Over,Lenny Kravitz,,,,,,
It Ends Tonight,The All-American Rejects,,,,,,
It Feels So Good,Sonique,,,,,,
It Must Have Been Love,Roxette,,,,,,
It Wasn't Me,Shaggy,Ricardo 'RikRok' Ducent,,,,,
It Will Rain,Bruno Mars,,,,,,
It Would Take A Strong Strong Man,Rick Astley,,,,,,
It's A Sin,Pet Shop Boys,,,,,,
It's All About Me,Mya,,,,,,
It's All Coming Back To Me Now,Celine Dion,,,,,,
It's Been Awhile,Staind,,,,,,
It's Goin' Down,Yung Joc,,,,,,
It's Gonna Be Me,'N Sync,,,,,,
It's My Life,No Doubt,,,,,,
It's No Crime,Babyface,,,,,,
It's Not Over,Daughtry,,,,,,
It's Not Over,Starship,,,,,,
It's Not Right But It's Okay,Whitney Houston,,,,,,
It's Over Now,112,,,,,,
It's So Hard To Say Goodbye To Yesterday,Boyz II Men,,,,,,
It's Your Love,Tim McGraw,Faith Hill,,,,,
Izzo,Jay-Z,,,,,,
Jacob's Ladder,Huey Lewis And The News,,,,,,
Jaded,Aerosmith,,,,,,
Jamboree,Naughty By Nature,Zhane,,,,,
Janie's Got A Gun,Aerosmith,,,,,,
Jenny From The Block,Jennifer Lopez,Jadakiss,Styles,,,,
Jerk Out,The Time,,,,,,
Jesus To A Child,George Michael,,,,,,
Joyride,Roxette,,,,,,
Judas,Lady Gaga,,,,,,
Jump,Kris Kross,,,,,,
Jump Around,House Of Pain,,,,,,
Jump Then Fall,Taylor Swift,,,,,,
Jumper,Third Eye Blind,,,,,,
Jumpin   Jumpin,Destiny's Child,,,,,,
Just A Dream,Nelly,,,,,,
Just A Friend,Biz Markie,,,,,,
Just A Friend 2002,Mario,,,,,,
Just A Kiss,Lady Antebellum,,,,,,
Just A Lil Bit,50 Cent,,,,,,
Just Another Day,Jon Secada,,,,,,
Just Another Dream,Cathy Dennis,,,,,,
Just Between You And Me,Lou Gramm,,,,,,
Just Clownin',The Black Eyed Peas,,,,,,
Just Dance,Lady Gaga,Colby O'Donis,,,,,
Just Give Me A Reason,P!nk,Nate Ruess,,,,,
Just Got Paid,Johnny Kemp,,,,,,
Just Kickin' It,Xscape,,,,,,
Just Like A Pill,P!nk,,,,,,
Just Like Jesse James,Cher,,,,,,
Just Like Paradise,David Lee Roth,,,,,,
Just Lose It,Eminem,,,,,,
Just The Way You Are,Bruno Mars,,,,,,
Just To See Her,Smokey Robinson,,,,,,
Justify My Love,Madonna,,,,,,
Keep It Together,Madonna,,,,,,
Keep On  Keepin' On,MC Lyte,Xscape,,,,,
Keep Their Heads Ringin',Dr. Dre,,,,,,
Keep Your Hands To Yourself,The Georgia Satellites,,,,,,
Keeps Gettin' Better,Christina Aguilera,,,,,,
King For A Day,Thompson Twins,,,,,,
King Of Wishful Thinking,Go West,,,,,,
Kiss,Prince And The Revolution,,,,,,
Kiss From A Rose,Seal,,,,,,
Kiss Kiss,Chris Brown,T-Pain,,,,,
Kiss Me,Sixpence None The Richer,,,,,,
Kiss Me Thru The Phone,Soulja Boy,Sammie,,,,,
Kisses On The Wind,Neneh Cherry,,,,,,
Kissing A Fool,George Michael,,,,,,
Knock You Down,Keri Hilson,Kanye West,Ne-Yo,,,,
Knockin Boots,Candyman,,,,,,
Knockin Da Boots,H-Town,,,,,,
Kokomo,The Beach Boys,,,,,,
Kryptonite,3 Doors Down,,,,,,
Kyrie,Mr. Mister,,,,,,
La Bamba,Los Lobos,,,,,,
La Isla Bonita,Madonna,,,,,,
Lady,D'Angelo,,,,,,
Lady Marmalade,Christina Aguilera,Lil Kim,Mya,Pink,,,
Laffy Taffy,D4L,,,,,,
Land Of Confusion,Genesis,,,,,,
Landslide,Dixie Chicks,,,,,,
Last Friday Night,Katy Perry,,,,,,
Last Kiss,Pearl Jam,,,,,,
Last Night,Diddy,Keyshia Cole,,,,,
Last Night,Az Yet,,,,,,
Lately,Divine,,,,,,
Lately,Jodeci,,,,,,
Lay Your Hands On Me,Bon Jovi,,,,,,
Lay Your Hands On Me,Thompson Twins,,,,,,
Lean Back,Terror Squad,,,,,,
Lean On Me,Club Nouveau,,,,,,
Lean Wit It  Rock Wit It,Dem Franchize Boyz,Lil Peanut,Charlay,,,,
Leavin',Jesse McCartney,,,,,,
Let Her Cry,Hootie And The Blowfish,,,,,,
Let Her Go,Passenger,,,,,,
Let It Go,Keyshia Cole,Missy Elliott,Lil Kim,,,,
Let It Rock,Kevin Rudolf,Lil Wayne,,,,,
Let Me Be The One,Expose,,,,,,
Let Me Blow Ya Mind,Eve,Gwen Stefani,,,,,
